<?xml version="1.0" encoding="UTF-8"?>
<beans xmlns="http://www.springframework.org/schema/beans"
	xmlns:xsi="http://www.w3.org/2001/XMLSchema-instance" xmlns:ss="http://www.springframework.org/schema/security"
	xmlns:jee="http://www.springframework.org/schema/jee" xmlns:aop="http://www.springframework.org/schema/aop"
	xmlns:context="http://www.springframework.org/schema/context" xmlns:tx="http://www.springframework.org/schema/tx"
	xsi:schemaLocation="http://www.springframework.org/schema/beans http://www.springframework.org/schema/beans/spring-beans.xsd
   	http://www.springframework.org/schema/jee http://www.springframework.org/schema/jee/spring-jee.xsd
   	http://www.springframework.org/schema/context  http://www.springframework.org/schema/context/spring-context.xsd
   	http://www.springframework.org/schema/security http://www.springframework.org/schema/security/spring-security.xsd
   	http://www.springframework.org/schema/aop http://www.springframework.org/schema/aop/spring-aop.xsd
   	http://www.springframework.org/schema/tx http://www.springframework.org/schema/tx/spring-tx.xsd">
	
	<import resource="classpath:conf/spring/spring-venus-placeholder.xml"/>
	<import resource="classpath:conf/spring/spring-venus-client.xml"/> 
	
	<import resource="classpath:conf/spring/spring-redis.xml"/> 
	<import resource="classpath:conf/spring/spring-impl.xml"/>
	<!-- <import resource="classpath:conf/spring/spring-fake-service.xml"/> -->
	<import resource="classpath:conf/applicationContext-filestorage.xml"/>
	<!-- Root Context: defines shared resources visible to all other web components -->    
	<context:component-scan base-package="com.saic.ebiz" />  <!-- 定义bean搜索 -->
	<aop:aspectj-autoproxy /> <!-- aop支持 -->
</beans>
