<?xml version="1.0" encoding="UTF-8"?>
<beans 
	xmlns="http://www.springframework.org/schema/beans"
	xmlns:xsi="http://www.w3.org/2001/XMLSchema-instance" xmlns:context="http://www.springframework.org/schema/context"
	xmlns:mvc="http://www.springframework.org/schema/mvc"
	xsi:schemaLocation="
		http://www.springframework.org/schema/beans http://www.springframework.org/schema/beans/spring-beans.xsd
		http://www.springframework.org/schema/context http://www.springframework.org/schema/context/spring-context.xsd
		http://www.springframework.org/schema/mvc http://www.springframework.org/schema/mvc/spring-mvc.xsd">

    <import  resource="classpath:conf/spring/spring-root.xml"/>
    
	<context:component-scan base-package="com.saic.ebiz">
	</context:component-scan>
    
    <bean id="webPropertyConfig"
        class="org.springframework.beans.factory.config.PropertyPlaceholderConfigurer">
        <property name="locations">
            <list>
                <value>classpath:conf/main_setting.properties</value>
            </list>
        </property>
        <property name="placeholderPrefix" value="@{" />
        <property name="systemPropertiesModeName" value="SYSTEM_PROPERTIES_MODE_OVERRIDE" />
    </bean>

	<!-- Enables the Spring MVC @Controller programming model -->
	<!-- <mvc:annotation-driven validator="validator">
		<mvc:message-converters>
			<bean class="com.ibm.framework.web.escape.StringEscapeHttpMessageConverterr"></bean>
			<bean class="com.ibm.framework.web.gson.MappingGson2HttpMessageConverter">
				<property name="supportedMediaTypes">
					<list>
						<value>text/html;charset=UTF-8</value>
						<value>text/json;charset=UTF-8</value>
						<value>application/json;charset=UTF-8</value>
					</list>
				</property>
			</bean>
		</mvc:message-converters>
	</mvc:annotation-driven> -->
	
<bean  class="org.springframework.web.servlet.mvc.method.annotation.RequestMappingHandlerAdapter">  
    <property name="cacheSeconds" value="0" />
        <property name="messageConverters">  
            <list>  
                <bean  
                    class="org.springframework.http.converter.xml.Jaxb2RootElementHttpMessageConverter" />  
                <bean  
                    class="org.springframework.http.converter.json.MappingJackson2HttpMessageConverter" />  
            </list>  
        </property>  
    </bean> 
   <mvc:annotation-driven/>
   
	<!-- Handles HTTP GET requests for /resources/** by efficiently serving up static resources in the ${webappRoot}/resources directory -->
	<mvc:resources mapping="/resources/**" location="/resources/" />

	<!-- 统一异常处理 -->
	<bean id="exceptionResolver"
		class="com.ibm.framework.web.exception.ErrorCodeMappingExceptionResolver">
		<property name="exceptionMappings">
			<props>
				<prop key="com.ibm.framework.exception.BaseException">error/error-500.ftl</prop>
				<prop key="java.lang.Throwable">error/error-500.ftl</prop>
			</props>
		</property>
		<property name="defaultErrorView" value="error/error-500.ftl" />
        <property name="warnLogCategory" value="com.saic.ebiz.web.exception.ErrorCodeMappingExceptionResolver" />
	</bean>

	<!-- 针对freemarker的视图配-->
	<bean id="viewResolver"
		class="org.springframework.web.servlet.view.freemarker.FreeMarkerViewResolver">
		<property name="cache" value="false" />
		<property name="order" value="1" />
		<property name="viewClass" value="org.springframework.web.servlet.view.freemarker.FreeMarkerView" />
		<property name="viewNames">
			<array>
				<value>*.ftl</value>
			</array>
		</property>
		<property name="requestContextAttribute" value="request" />
		<property name="exposeSpringMacroHelpers" value="true" />
		<property name="exposeRequestAttributes" value="true" />
		<property name="exposeSessionAttributes" value="true" />
		<property name="allowSessionOverride" value="true" />
		<property name="contentType" value="text/html;charset=utf-8" /><!--编码 -->
	</bean>

	<!-- json解析 -->
	<bean class="org.springframework.web.servlet.view.BeanNameViewResolver">
		<property name="order" value="2" />
	</bean>
	<bean id="gsonView" class="com.ibm.framework.web.gson.GsonView" />
	
	<bean id="preOrderInfoService" class="com.saic.ebiz.market.service.impl.PreOrderInfoServiceImpl" />

	<!-- 为了支持forward,redirect -->
	<bean id="jsltViewResolver"
		class="org.springframework.web.servlet.view.UrlBasedViewResolver">
		<property name="order" value="3" />
		<property name="viewClass"
			value="org.springframework.web.servlet.view.JstlView" />
		<property name="prefix" value="/WEB-INF/views/" />
		<property name="suffix" value=".jsp" />
	</bean>

	<bean id="freeMarkerConfigurer"
		class="org.springframework.web.servlet.view.freemarker.FreeMarkerConfigurer">
		<description>Required for Freemarker to work in web tier</description>
		<property name="configuration" ref="freemarkerConfiguration" />
	</bean>


    <bean id="freemarkerConfiguration"
        class="org.springframework.ui.freemarker.FreeMarkerConfigurationFactoryBean">
        <description>Using the Config directly so we can use it outside the web tier</description>
        <!-- 模板加载路径 -->
        <property name="templateLoaderPaths">
            <list>
                <value>/WEB-INF/views</value> 
                <!-- 新增ddb -->
				<!-- <value>classpath:/mainsite_comm/</value>  -->
            </list>
        </property>
        <property name="configLocation">
            <value>classpath:conf/freemarker.properties</value>
        </property>
        <!--全局变量部分 -->
        <property name="freemarkerVariables">
            <map>
                <entry key="buildNo" value="@{buildNo}" />
                <entry key="domain" value="${ebiz.wap.web.domain:}" />
                <entry key="minisite" value="${ebiz.wap.web.minisite:}" />
                <entry key="siteDomain" value="${ebiz.site.domain:}" />
                <entry key="base" value="${ebiz.wap.web.base:}" />
                <entry key="resRoot" value="${ebiz.wap.web.resRoot}" />
                <entry key="domainCallback" value="${ebiz.wap.web.domainCallback}" />
                <entry key="minSuffix" value="${ebiz.wap.web.minSuffix}" />
                <entry key="imgUrl" value-ref="fmImgUrl" />
                <entry key="imgCommon" value-ref="commonResource" />
                <entry key="jscssUrl" value-ref="fmJsscssUrl" />
                <entry key="jscssCommonUrl" value-ref="fmJsscssCommonUrl" />
                <entry key="omitString" value-ref="omitString" />
                <entry key="pmfBase" value="${ebiz.wap.web.pmfBase:}" />
                <entry key="truncate" value-ref="truncate" />
            </map>
        </property>
        <property name="defaultEncoding" value="utf-8" />
    </bean>
    
	<bean id="fmJsscssUrlComm" class="com.ibm.framework.web.freemarker.MultiDomUrl">
		<property name="host" value="${component.image.msweb.static.url}" />
		<property name="imgHostTag" value="${component.image.msweb.static.url.placeholder}" />
		<property name="imgUrlStarNum" value="${component.image.msweb.static.url.startIdx}" />
		<property name="imgHostNumber" value="${component.image.msweb.static.url.endIdx}" />
	</bean>
	
	<bean id="commonResource" class="com.ibm.framework.web.freemarker.MultiDomUrl">
		<property name="host" value="${component.image.common.static.url}" />
		<property name="imgHostTag" value="${component.image.common.static.url.placeholder}" />
		<property name="imgUrlStarNum" value="${component.image.common.static.url.startIdx}" />
		<property name="imgHostNumber" value="${component.image.common.static.url.endIdx}" />
	</bean>

    <bean id="omitString" class="com.saic.ebiz.freemarker.OmitString"/>

    <bean id="truncate" class="com.saic.ebiz.market.freemarker.StringTruncation"/>

	<bean id="fmImgUrl" class="com.ibm.framework.web.freemarker.MultiDomUrl">
		<property name="host" value="${ebiz.wap.web.imgHost}" />
		<property name="imgHostTag" value="${ebiz.wap.web.imgHostTag}" />
		<property name="imgUrlStarNum" value="${ebiz.wap.web.imgUrlStarNum}" />
		<property name="imgHostNumber" value="${ebiz.wap.web.imgHostNumber}" />
	</bean>

	<bean id="fmJsscssUrl" class="com.saic.ebiz.freemarker.MultiDomUrlForDynamicImages">
		<property name="host" value="${ebiz.wap.web.jscssHost}" />
		<property name="imgHostTag" value="${ebiz.wap.web.jscssHostTag}" />
		<property name="imgUrlStarNum" value="${ebiz.wap.web.jscssUrlStarNum}" />
		<property name="imgHostNumber" value="${ebiz.wap.web.jscssHostNumber}" />
	</bean>
	
	<bean id="fmJsscssCommonUrl" class="com.ibm.framework.web.freemarker.MultiDomUrl">
        <property name="host" value="${ebiz.wap.web.jscssCommonHost}" />
        <property name="imgHostTag" value="${ebiz.wap.web.jscssCommonHostTag}" />
        <property name="imgUrlStarNum" value="${ebiz.wap.web.jscssCommonUrlStarNum}" />
        <property name="imgHostNumber" value="${ebiz.wap.web.jscssCommonHostNumber}" />
    </bean>
    
        <!-- MFS -->
      <bean id="filestorage"  class="com.saike.filestorage.client.DefaultFileStrorageClient">
        <property name="host" value="${filestorage.server.host}" />
        <property name="port" value="${filestorage.server.port}" />
        <property name="projectCode" value="${gagu.ucm.projectCode}" />
      </bean>
    
    <!-- 基于cookie的i18n -->
    <bean id="localeResolver"
        class="org.springframework.web.servlet.i18n.CookieLocaleResolver">
        <property name="cookieName" value="clientlanguage" />
        <property name="cookieMaxAge" value="94608000" />
        <property name="defaultLocale" value="zh" />
    </bean>

    <!-- i18n -->
    <bean id="messageSource"
        class="org.springframework.context.support.ReloadableResourceBundleMessageSource">
        <property name="basenames">
            <list>
                <value>classpath:i18n/messages</value>
            </list>
        </property>
        <property name="defaultEncoding" value="UTF-8" />
        <property name="fallbackToSystemLocale" value="true" />
        <property name="useCodeAsDefaultMessage" value="false" />
    </bean>

    <!-- hibernate validator 资源配置 -->
    <bean name="validator"
        class="org.springframework.validation.beanvalidation.LocalValidatorFactoryBean">
        <property name="validationMessageSource">
            <ref bean="messageSource" />
        </property>
    </bean>

    <!-- backlog -->
    <bean id="loggingInitialization" 
        class="org.springframework.beans.factory.config.MethodInvokingFactoryBean">
        <property name="targetClass" value="com.ibm.framework.log.util.LogbackConfigurer" />
        <property name="targetMethod" value="initLogging" />
        <property name="arguments">
            <list>
                <value>classpath:logback.xml</value>
            </list>
        </property>
    </bean>
      <bean id="multipartResolver" class="org.springframework.web.multipart.commons.CommonsMultipartResolver">
        <!-- 指定所上传文件的总大小不能超过800KB......注意maxUploadSize属性的限制不是针对单个文件,而是所有文件的容量之和 -->
        <property name="maxUploadSize" value="80000000"/>
    </bean>
    <!-- SpringMVC在超出上传文件限制时,会抛出org.springframework.web.multipart.MaxUploadSizeExceededException -->
    <!-- 该异常是SpringMVC在检查上传的文件信息时抛出来的,而且此时还没有进入到Controller方法中 -->
     
    <!-- <mvc:interceptors>
		<bean class="com.gagu.monitor.module.spring.SpringPerformanceInterceptor" />
		<bean class="com.meidusa.venus.http.spring.VenusTracerInterceptor" />
	</mvc:interceptors> -->
	 <mvc:interceptors>
        <mvc:interceptor>
            <mvc:mapping path="/club/**"/>
            <bean class="com.saic.ebiz.market.interceptor.UserAgentInterceptor" />
        </mvc:interceptor>
    </mvc:interceptors>
    
</beans>
