<?xml version="1.0" encoding="UTF-8"?>
<beans xmlns="http://www.springframework.org/schema/beans"
	xmlns:xsi="http://www.w3.org/2001/XMLSchema-instance" default-autowire="byName"
	xsi:schemaLocation="http://www.springframework.org/schema/beans http://www.springframework.org/schema/beans/spring-beans-3.0.xsd">

	<!-- venus Simple config -->
<!-- 	<bean id="fakeServiceRegisterFactory" class="com.saic.ebiz.market.service.fake.FakeServiceRegisterFactory">
		<property name="fakeClazzes">
			<list>
				全局模板
				<value>com.saic.ebiz.market.service.fake.MockIGlobalRuleService</value>
				<value>com.saic.ebiz.market.service.fake.MockIRoutineCarService</value>
				<value>com.saic.ebiz.market.service.fake.MockIShoppingCartService</value>
				<value>com.saic.ebiz.market.service.fake.MockIPromotionQualificationService</value>
			</list>
		</property>
	</bean> -->
	
	<bean name="iGlobalRuleService" class="com.saic.ebiz.market.service.fake.MockIGlobalRuleService"></bean>
	<bean name="iRoutineCarService" class="com.saic.ebiz.market.service.fake.MockIRoutineCarService"></bean>
	<bean name="iShoppingCartService" class="com.saic.ebiz.market.service.fake.MockIShoppingCartService"></bean>
	<bean name="iActOrderCreateService" class="com.saic.ebiz.market.service.fake.MockIActOrderCreateService"></bean>
	<bean name="iPromotionQualificationService" class="com.saic.ebiz.market.service.fake.MockIPromotionQualificationService"></bean>
	<bean name="iPromotionQualificationService" class="com.saic.ebiz.market.service.fake.MockIPromotionQualificationService"></bean>
	<bean name="iDataStatisticsService" class="com.saic.ebiz.market.service.wiki.IDataStatisticsService"></bean>


</beans>
