<?xml version="1.0" encoding="UTF-8"?>
<beans xmlns="http://www.springframework.org/schema/beans"
    xmlns:xsi="http://www.w3.org/2001/XMLSchema-instance"
    xsi:schemaLocation="http://www.springframework.org/schema/beans http://www.springframework.org/schema/beans/spring-beans-3.0.xsd
        http://www.springframework.org/schema/context http://www.springframework.org/schema/context/spring-context-3.0.xsd
        http://www.springframework.org/schema/mvc http://www.springframework.org/schema/mvc/spring-mvc-3.0.xsd
        http://www.springframework.org/schema/oxm http://www.springframework.org/schema/oxm/spring-oxm-3.0.xsd"
    xmlns:context="http://www.springframework.org/schema/context"
    xmlns:oxm="http://www.springframework.org/schema/oxm"
    xmlns:p="http://www.springframework.org/schema/p"
    default-autowire="byName">

    <!-- venus Simple config -->
    <bean class="org.springframework.beans.factory.annotation.AutowiredAnnotationBeanPostProcessor"/>
    <bean id="venusServiceFactory" class="com.meidusa.venus.client.VenusServiceFactory">
        <property name="configFiles">
              <list>
                  <value>classpath:conf/venus/venus_client_mdmuser.xml</value>
                  <value>classpath:conf/venus/venus_client_iam.xml</value>
                  <value>classpath:conf/venus/venus_client_minisit.xml</value>
                  <value>classpath:conf/venus/venus_client_cms.xml</value>
                  <value>classpath:conf/venus/venus_client_dop.xml</value>
                  <value>classpath:conf/venus/venus_client_csc.xml</value>
                  <value>classpath:conf/venus/venus_client_mms.xml</value>
                  <value>classpath:conf/venus/venus_client_uc.xml</value>
                  <!-- 车型库  -->
                  <value>classpath:conf/venus/venus_client_carlib.xml</value>
                  <!-- 活动  -->
                  <value>classpath:conf/venus/venus_client_activity.xml</value>
                  <!-- 订单  -->
                  <value>classpath:conf/venus/venus_client_order.xml</value>
                  <value>classpath:conf/venus/venus_client_omsorder.xml</value>
                  <!-- 支付  -->
                  <value>classpath:conf/venus/venus_client_pmf.xml</value>
                  <value>classpath:conf/venus/venus_client_society.xml</value>
              </list>
        </property>
    </bean>
	
</beans>

