<?xml version="1.0" encoding="UTF-8"?>
<beans xmlns="http://www.springframework.org/schema/beans"
    xmlns:xsi="http://www.w3.org/2001/XMLSchema-instance"
    xsi:schemaLocation="http://www.springframework.org/schema/beans http://www.springframework.org/schema/beans/spring-beans-3.0.xsd
        http://www.springframework.org/schema/context http://www.springframework.org/schema/context/spring-context-3.0.xsd
        http://www.springframework.org/schema/mvc http://www.springframework.org/schema/mvc/spring-mvc-3.0.xsd
        http://www.springframework.org/schema/oxm http://www.springframework.org/schema/oxm/spring-oxm-3.0.xsd"
    xmlns:context="http://www.springframework.org/schema/context"
    xmlns:oxm="http://www.springframework.org/schema/oxm" xmlns:p="http://www.springframework.org/schema/p"
    default-autowire="byName">

    <bean id="propertyConfigurer"
        class="com.gagu.ucm.agent.venus.placeholder.VenusPropertyPlaceholderConfigurer">
        <property name="locations">
            <list>
                <value>classpath:/application.properties</value>
            </list>
        </property>
    </bean>
</beans>
