<?xml version="1.0" encoding="UTF-8" ?>
<configuration>

	<property name="APP_NAME" value="promotion_wx"/>
    <!--日志文件保留天数-->
    <property name="LOG_MAX_HISTORY" value="30"/>
    <!--应用日志文件保存路径-->
    <property name="LOG_APP_HOME" value="${LOG_HOME}/${APP_NAME}/app"/>
    <!--系统日志文件保存路径-->
    <property name="LOG_SYS_HOME" value="${LOG_HOME}/${APP_NAME}/sys"/>
    
	<include resource="calogger.xml"/>
	<!-- Appenders -->
	<!-- 资源访问日志 -->
    <appender name="USER-TRACER" class="ch.qos.logback.core.rolling.RollingFileAppender">
        <rollingPolicy class="ch.qos.logback.core.rolling.TimeBasedRollingPolicy">
            <!--日志文件输出的文件名-->
            <FileNamePattern>${LOG_SYS_HOME}/user-tracer.log.%d{yyyy-MM-dd}</FileNamePattern>
            <!--日志文件保留天数-->
            <MaxHistory>${LOG_MAX_HISTORY}</MaxHistory>
        </rollingPolicy>  
        <encoder class="ch.qos.logback.classic.encoder.PatternLayoutEncoder">
            <!-- 格式化输出：%d表示日期，%thread表示线程名，%-5level：级别从左显示5个字符宽度%msg：日志消息，%n是换行符 -->
            <pattern>%d{yyyy-MM-dd HH:mm:ss.SSS}  %-5level %logger{50} - %msg%n</pattern>  
        </encoder>
    </appender>
    <appender name="SAIC-WEIXIN-TRACE" class="ch.qos.logback.core.rolling.RollingFileAppender">
        <rollingPolicy class="ch.qos.logback.core.rolling.TimeBasedRollingPolicy">
            <!--日志文件输出的文件名-->
            <FileNamePattern>${LOG_SYS_HOME}/weixin-tracer.log.%d{yyyy-MM-dd}</FileNamePattern>
            <!--日志文件保留天数-->
            <MaxHistory>${LOG_MAX_HISTORY}</MaxHistory>
        </rollingPolicy>  
        <encoder class="ch.qos.logback.classic.encoder.PatternLayoutEncoder">
            <!-- 格式化输出：%d表示日期，%thread表示线程名，%-5level：级别从左显示5个字符宽度%msg：日志消息，%n是换行符 -->
            <pattern>%d{yyyy-MM-dd HH:mm:ss.SSS}  %-5level %logger{50} - %msg%n</pattern>  
        </encoder>
    </appender>
    
    <!-- 控制台输出日志 -->
   <appender name="STDOUT" class="ch.qos.logback.core.ConsoleAppender">
    
        <layout class="ch.qos.logback.classic.PatternLayout">
            <pattern>%d{yyyy-MM-dd HH:mm:ss.SSS} [%thread] %-5level %logger{36} -%msg%n</pattern>
        </layout>
    </appender>
   
    
    <!-- applcation的文件输出日志 (按照每天生成日志文件 )，对applcation文件日志的文件名需要根据具体的applcation来配置-->
    <appender name="APP"  class="ch.qos.logback.core.rolling.RollingFileAppender"> 
        <rollingPolicy class="ch.qos.logback.core.rolling.TimeBasedRollingPolicy">
            <!--日志文件输出的文件名-->
            <FileNamePattern>${LOG_APP_HOME}/promotion_wx.log.%d{yyyy-MM-dd}</FileNamePattern> 
            <!--日志文件保留天数-->
            <MaxHistory>${LOG_MAX_HISTORY}</MaxHistory>
        </rollingPolicy>   
        <encoder class="ch.qos.logback.classic.encoder.PatternLayoutEncoder"> 
            <!--格式化输出：%d表示日期，%thread表示线程名，%-5level：级别从左显示5个字符宽度%msg：日志消息，%n是换行符--> 
            <pattern>%d{yyyy-MM-dd HH:mm:ss.SSS} [%thread] %-5level %logger{50} - %msg%n</pattern>   
        </encoder> 
    </appender>
    
    <!-- framework的文件输出日志 (按照每天生成日志文件 )-->   
    <appender name="FRAME"  class="ch.qos.logback.core.rolling.RollingFileAppender"> 
        <rollingPolicy class="ch.qos.logback.core.rolling.TimeBasedRollingPolicy">
            <!--日志文件输出的文件名-->
            <FileNamePattern>${LOG_SYS_HOME}/framework.log.%d{yyyy-MM-dd}</FileNamePattern> 
            <!--日志文件保留天数-->
            <MaxHistory>${LOG_MAX_HISTORY}</MaxHistory>
        </rollingPolicy>   
        <encoder class="ch.qos.logback.classic.encoder.PatternLayoutEncoder"> 
            <!--格式化输出：%d表示日期，%thread表示线程名，%-5level：级别从左显示5个字符宽度%msg：日志消息，%n是换行符--> 
            <pattern>%d{yyyy-MM-dd HH:mm:ss.SSS} [%thread] %-5level %logger{50} - %msg%n</pattern>   
        </encoder> 
    </appender>
    
    <!-- 按照每天生成日志文件：统一配置日志 -->   
    <appender name="SAIC-UCM"  class="ch.qos.logback.core.rolling.RollingFileAppender">   
        <rollingPolicy class="ch.qos.logback.core.rolling.TimeBasedRollingPolicy">
            <!--日志文件输出的文件名-->
            <FileNamePattern>${LOG_SYS_HOME}/saic-ucm.log.%d{yyyy-MM-dd}</FileNamePattern> 
            <!--日志文件保留天数-->
            <MaxHistory>${LOG_MAX_HISTORY}</MaxHistory>
        </rollingPolicy>   
        <encoder class="ch.qos.logback.classic.encoder.PatternLayoutEncoder"> 
            <!--格式化输出：%d表示日期，%thread表示线程名，%-5level：级别从左显示5个字符宽度%msg：日志消息，%n是换行符--> 
            <pattern>%d{yyyy-MM-dd HH:mm:ss.SSS} [%thread] %-5level %logger{50} - %msg%n</pattern>   
        </encoder> 
    </appender>
    
    <!-- 按照每天生成日志文件：统一配置日志 -->   
    <appender name="SAIC-SSO"  class="ch.qos.logback.core.rolling.RollingFileAppender">   
        <rollingPolicy class="ch.qos.logback.core.rolling.TimeBasedRollingPolicy">
            <!--日志文件输出的文件名-->
            <FileNamePattern>${LOG_SYS_HOME}/saic-sso.log.%d{yyyy-MM-dd}</FileNamePattern> 
            <!--日志文件保留天数-->
            <MaxHistory>${LOG_MAX_HISTORY}</MaxHistory>
        </rollingPolicy>   
        <encoder class="ch.qos.logback.classic.encoder.PatternLayoutEncoder"> 
            <!--格式化输出：%d表示日期，%thread表示线程名，%-5level：级别从左显示5个字符宽度%msg：日志消息，%n是换行符--> 
            <pattern>%d{yyyy-MM-dd HH:mm:ss.SSS} [%thread] %-5level %logger{50} - %msg%n</pattern>   
        </encoder> 
    </appender>
    
    <!--=========================== 按照每天生成系统日志文件：VENUS默认配置===================================-->
    <!-- venus的文件输出日志 (按照每天生成日志文件 )-->   
    <appender name="VENUS"  class="ch.qos.logback.core.rolling.RollingFileAppender"> 
        <rollingPolicy class="ch.qos.logback.core.rolling.TimeBasedRollingPolicy">
            <!--日志文件输出的文件名-->
            <FileNamePattern>${LOG_SYS_HOME}/venus.log.%d{yyyy-MM-dd}</FileNamePattern> 
            <!--日志文件保留天数-->
            <MaxHistory>${LOG_MAX_HISTORY}</MaxHistory>
        </rollingPolicy>   
        <encoder class="ch.qos.logback.classic.encoder.PatternLayoutEncoder"> 
            <!--格式化输出：%d表示日期，%thread表示线程名，%-5level：级别从左显示5个字符宽度%msg：日志消息，%n是换行符--> 
            <pattern>%d{yyyy-MM-dd HH:mm:ss.SSS} [%thread] %-5level %logger{50} - %msg%n</pattern>   
        </encoder> 
    </appender>
     <!-- 按照每天生成日志文件：VENUS性能日志-->   
    <appender name="VENUS-HEARTBEAT" class="ch.qos.logback.core.rolling.RollingFileAppender">
        <rollingPolicy class="ch.qos.logback.core.rolling.TimeBasedRollingPolicy">
            <!--日志文件输出的文件名-->
            <FileNamePattern>${LOG_SYS_HOME}/venus-heartbeat.log.%d{yyyy-MM-dd}</FileNamePattern>
            <!--日志文件保留天数-->
            <MaxHistory>${LOG_MAX_HISTORY}</MaxHistory>
        </rollingPolicy>  
        <encoder class="ch.qos.logback.classic.encoder.PatternLayoutEncoder">
            <!-- 格式化输出：%d表示日期，%thread表示线程名，%-5level：级别从左显示5个字符宽度%msg：日志消息，%n是换行符 -->
            <pattern>%d{yyyy-MM-dd HH:mm:ss.SSS} [%thread] %-5level %logger{50} - %msg%n</pattern>  
        </encoder>
    </appender>
    <!-- 按照每天生成日志文件：VENUS性能日志-->
    <appender name="VENUS-PERFORMANCE"  class="ch.qos.logback.core.rolling.RollingFileAppender"> 
        <rollingPolicy class="ch.qos.logback.core.rolling.TimeBasedRollingPolicy">
            <!--日志文件输出的文件名-->
            <FileNamePattern>${LOG_SYS_HOME}/venus-performance.log.%d{yyyy-MM-dd}</FileNamePattern> 
            <!--日志文件保留天数-->
            <MaxHistory>${LOG_MAX_HISTORY}</MaxHistory>
        </rollingPolicy>   
        <encoder class="ch.qos.logback.classic.encoder.PatternLayoutEncoder"> 
            <!--格式化输出：%d表示日期，%thread表示线程名，%-5level：级别从左显示5个字符宽度%msg：日志消息，%n是换行符--> 
            <pattern>%d{yyyy-MM-dd HH:mm:ss.SSS} [%thread] %-5level %logger{50} - %msg%n</pattern>   
        </encoder> 
    </appender>
    <!-- 按照每天生成日志文件：VENUS跟踪日志-->
    <appender name="VENUS-TRACER"  class="ch.qos.logback.core.rolling.RollingFileAppender"> 
        <rollingPolicy class="ch.qos.logback.core.rolling.TimeBasedRollingPolicy">
            <!--日志文件输出的文件名-->
            <FileNamePattern>${LOG_SYS_HOME}/venus-tracer.log.%d{yyyy-MM-dd}</FileNamePattern> 
            <!--日志文件保留天数-->
            <MaxHistory>${LOG_MAX_HISTORY}</MaxHistory>
        </rollingPolicy>   
        <encoder class="ch.qos.logback.classic.encoder.PatternLayoutEncoder"> 
            <!--格式化输出：%d表示日期，%thread表示线程名，%-5level：级别从左显示5个字符宽度%msg：日志消息，%n是换行符--> 
            <pattern>%d{yyyy-MM-dd HH:mm:ss.SSS} [%thread] %-5level %logger{50} - %msg%n</pattern>   
        </encoder> 
    </appender>
    <appender name="SERVICE-INVOKER" class="ch.qos.logback.core.rolling.RollingFileAppender">
        <rollingPolicy class="ch.qos.logback.core.rolling.TimeBasedRollingPolicy">
            <FileNamePattern>${LOG_APP_HOME}/service-invoker.log.%d{yyyy-MM-dd}</FileNamePattern>
            <MaxHistory>${LOG_MAX_HISTORY}</MaxHistory>
        </rollingPolicy>
        <encoder class="ch.qos.logback.classic.encoder.PatternLayoutEncoder">
            <pattern>%d{yyyy-MM-dd HH:mm:ss.SSS} [%thread] %-5level %logger{50} - %msg%n</pattern>
        </encoder>
    </appender>
    
    <appender name="SAIC-SSO-TRACE"  class="ch.qos.logback.core.rolling.RollingFileAppender">   
        <rollingPolicy class="ch.qos.logback.core.rolling.TimeBasedRollingPolicy">
            <!--日志文件输出的文件名-->
            <FileNamePattern>${LOG_SYS_HOME}/saic-sso-trace.log.%d{yyyy-MM-dd}.log</FileNamePattern> 
            <!--日志文件保留天数-->
            <MaxHistory>${LOG_MAX_HISTORY}</MaxHistory>
        </rollingPolicy>   
        <encoder class="ch.qos.logback.classic.encoder.PatternLayoutEncoder"> 
            <!--格式化输出：%d表示日期，%thread表示线程名，%-5level：级别从左显示5个字符宽度%msg：日志消息，%n是换行符--> 
            <pattern>%d{yyyy-MM-dd HH:mm:ss.SSS} [%thread] %-5level %logger{50} - %msg%n</pattern>   
        </encoder> 
    </appender>
    
    <!--=========================== 按照每天生成系统日志文件：redis配置===================================-->
     <!-- 按照每天生成日志文件：统一配置日志 -->   
    <appender name="SAIC-REDIS"  class="ch.qos.logback.core.rolling.RollingFileAppender">   
        <rollingPolicy class="ch.qos.logback.core.rolling.TimeBasedRollingPolicy">
            <!--日志文件输出的文件名-->
            <FileNamePattern>${LOG_SYS_HOME}/saic-redis.log.%d{yyyy-MM-dd}.log</FileNamePattern> 
            <!--日志文件保留天数-->
            <MaxHistory>${LOG_MAX_HISTORY}</MaxHistory>
        </rollingPolicy>   
        <encoder class="ch.qos.logback.classic.encoder.PatternLayoutEncoder"> 
            <!--格式化输出：%d表示日期，%thread表示线程名，%-5level：级别从左显示5个字符宽度%msg：日志消息，%n是换行符--> 
            <pattern>%d{yyyy-MM-dd HH:mm:ss.SSS} [%thread] %-5level %logger{50} - %msg%n</pattern>   
        </encoder> 
    </appender>

     <!-- 按照每天生成日志文件：统一配置日志 -->   
    <appender name="SAIC-REDIS-MONITOR"  class="ch.qos.logback.core.rolling.RollingFileAppender">   
        <rollingPolicy class="ch.qos.logback.core.rolling.TimeBasedRollingPolicy">
            <!--日志文件输出的文件名-->
            <FileNamePattern>${LOG_SYS_HOME}/saic-redis-monitor.log.%d{yyyy-MM-dd}.log</FileNamePattern> 
            <!--日志文件保留天数-->
            <MaxHistory>${LOG_MAX_HISTORY}</MaxHistory>
        </rollingPolicy>   
        <encoder class="ch.qos.logback.classic.encoder.PatternLayoutEncoder"> 
            <!--格式化输出：%d表示日期，%thread表示线程名，%-5level：级别从左显示5个字符宽度%msg：日志消息，%n是换行符--> 
            <pattern>%d{yyyy-MM-dd HH:mm:ss.SSS} [%thread] %-5level %logger{50} - %msg%n</pattern>   
        </encoder> 
    </appender>  
    
    <appender name="SAIC-SESSION"
            class="ch.qos.logback.core.rolling.RollingFileAppender">
            <rollingPolicy class="ch.qos.logback.core.rolling.TimeBasedRollingPolicy">
                日志文件输出的文件名
                <FileNamePattern>${LOG_SYS_HOME}/saic-session.log.%d{yyyy-MM-dd}
                </FileNamePattern>
                日志文件保留天数
                <MaxHistory>${LOG_MAX_HISTORY}</MaxHistory>
            </rollingPolicy>
            <encoder class="ch.qos.logback.classic.encoder.PatternLayoutEncoder">
                格式化输出：%d表示日期，%thread表示线程名，%-5level：级别从左显示5个字符宽度%msg：日志消息，%n是换行符
                <pattern>%d{yyyy-MM-dd HH:mm:ss.SSS} [%thread] %-5level %logger{50} - %msg%n</pattern>
            </encoder>
    </appender>
    
    <logger name="com.saic.sso.client" additivity="false"> 
        <level value="info" /> 
        <appender-ref ref="SAIC-SSO" /> 
    </logger>
    
    <logger name="com.saic.sso.client.SSOClient" additivity="false">
        <level value="info" />
        <appender-ref ref="SAIC-SSO-TRACE" />
    </logger>
    
    <logger name="com.saic.sso.client.filter.UserTraceFilter" additivity="false">
        <level value="info" />
        <appender-ref ref="SAIC-SSO-TRACE" />
    </logger>
    
     <logger name="com.saic.framework.session" additivity="false">
        <level value="info" />
        <appender-ref ref="SAIC-SESSION" />
    </logger>
    
    <!--============================= 按照每天生成日志文件：业务定制日志：统一配置业务日志========================-->   
    <logger name="com.gagu.ucm.core.utils.ConfigUtils" additivity="false">
        <level value="debug"/>
        <appender-ref ref="SAIC-UCM" />
    </logger>
    
    <!--============================ 按照每天生成日志文件：redis系统日志 ==========================-->   
	 <logger name="com.saic.framework.redis.client" additivity="true">
		<level value="info" />
		<appender-ref ref="SAIC-REDIS" />
	</logger>
	<logger name="com.saic.framework.redis.monitor" additivity="true">
		<level value="info" />
		<appender-ref ref="SAIC-REDIS-MONITOR" />
	</logger>
	
    <!--============================ 按照每天生成日志文件：VENUS系统日志：默认配置 ==========================-->   
    <logger name="com.meidusa.toolkit.net.ConnectionAcceptor" additivity="true">
       <level value="info"/>
       <appender-ref ref="VENUS" />
       <appender-ref ref="STDOUT"/>
    </logger>
    
    <logger name="com.meidusa.toolkit.net" additivity="false">
       <level value="info"/>
       <appender-ref ref="VENUS" />
    </logger>
 
    <logger name="com.meidusa.venus" additivity="false">
        <level value="info"/>
       <appender-ref ref="VENUS" />
    </logger>
    
    <logger name="com.meidusa.toolkit.common.heartbeat" additivity="false">
        <level value="info"/>
       <appender-ref ref="VENUS-HEARTBEAT" />
    </logger>
    
    <logger name="venus.backend.performance" additivity="false">
        <level value="debug"/>
       <appender-ref ref="VENUS-PERFORMANCE" />
    </logger>
   
    <logger name="venus.client.performance" additivity="false">
        <level value="debug"/>
       <appender-ref ref="VENUS-PERFORMANCE" />
    </logger>
   
    <logger name="venus.report.queue" additivity="false">
        <level value="info"/>
       <appender-ref ref="VENUS" />
    </logger>
   
     <logger name="venus.tracer" additivity="false">
        <level value="debug"/>
       <appender-ref ref="VENUS-TRACER" />
    </logger>
    
    <logger name="venus.service.invoker" additivity="false">
        <level value="info" />
        <appender-ref ref="SERVICE-INVOKER" />
    </logger>
	
	<!-- Application Loggers -->
	<logger name="com.saic.market">
		<level value="info" />
	</logger>
	
	<!-- 3rdparty Loggers -->
	<logger name="org.springframework.core">
		<level value="info" />
	</logger>
	
	<logger name="org.springframework.beans">
		<level value="info" />
	</logger>
	
	<logger name="org.springframework.context">
		<level value="info" />
	</logger>

	<logger name="org.springframework.web">
		<level value="info" />
	</logger>
	

	<!-- 微信端领取车牌加日志监控 -->
    <logger name="weixin-trace" additivity="false">
       <level value="debug" />
       <appender-ref ref="SAIC-WEIXIN-TRACE" />
    </logger>
   <!--  <logger name="STDOUT" additivity="false">
       <level value="debug" />
       <appender-ref ref="STDOUT" />
    </logger> -->

	<!-- Root Logger -->
	<root level="info">
		<!-- <appender-ref ref="APP"/> -->
		<appender-ref ref="STDOUT"/>
	</root>
	
</configuration>
