<?xml version="1.0" encoding="utf-8"?>

<venus-client xmlns:xsi="http://www.w3.org/2001/XMLSchema-instance"
 xsi:noNamespaceSchemaLocation="venus-client.xsd">
	<remotes>
		<remote name="defaultRemote17">
		<!-- 与远程连接的socket相关的配置 -->
			<factory>
				<!-- 支持多节点负责均衡的高可用配置，默认采用轮询  -->
				<property name="ipAddressList">${service.venus.bus.ipAddressList}</property>
				
				<!-- socket的sendBuffer缓冲区大小，单位:K -->
				<property name="sendBufferSize">${venus.socket.sendBufferSize:64}</property>
				
				<!-- socket的receiveBuffer缓冲区大小，单位:K -->
				<property name="receiveBufferSize">${venus.socket.receiveBufferSize:64}</property>
				
				<property name="soTimeout">5000</property>
				
			</factory>
			
			<!-- 与每个远程节点的连接池配置，与apache的commons-pool配置一致 -->
			<pool>
				<property name="maxActive">10</property>
				<property name="maxIdle">1</property>
				<property name="minIdle">1</property>
				<property name="minEvictableIdleTimeMillis">60000</property>
				<property name="timeBetweenEvictionRunsMillis">60000</property>
				<property name="testOnBorrow">true</property>
				<property name="testWhileIdle">true</property>
			</pool>
			
			<!-- 用户名、密码认证方式  -->
			<authenticator class="com.meidusa.venus.client.authenticate.UserPasswordAuthenticator">
				<property name="username">venus</property>
				<property name="password">venus</property>
				<!-- 对象系列化方式，目前支持3种 ： 0:json ,1：bson , 2: java对象系列化 -->
				<property name="serializeType">0</property>
			</authenticator>
			
			<!-- 采用 Dummy方式 认证 -->
			<!-- 
			<authenticator class="com.meidusa.venus.client.authenticate.DummyAuthenticator">
				<property name="serializeType">${venus.service.helloService.serializeType}</property>
			</authenticator>
			 -->
		</remote>
	</remotes>
	<!-- 服务接口列表 -->
	<services>
		<!-- 定义服务以及指定该服务提供方的远程相关配置 
		<service  type="com.saic.ebiz.promotion.service.api.ILotteryService" remote="defaultRemote17"></service>
		<service  type="com.saic.ebiz.promotion.service.api.IPromotionService" remote="defaultRemote17"></service>
		<service  type="com.saic.ebiz.order.service.api.PreOrderQueryService" remote="defaultRemote17"></service>
		<service  type="com.saic.ebiz.sso.service.api.ISSOAuthService" remote="defaultRemote17"></service>
		<service  type="com.saic.ebiz.mdm.api.AssetService" remote="defaultRemote17"></service>
		<service  type="com.saic.ebiz.mdm.api.UserService" remote="defaultRemote17"></service>
		<service type="com.saic.ebiz.csc.service.api.IVelConsumeRecordService" remote="defaultRemote17"></service>
		<service type="com.saic.ebiz.mms.service.api.IMemberRightService" remote="defaultRemote17"></service>
		<service type="com.saic.ebiz.dop.service.user.api.OtherUsedService" remote="defaultRemote17"></service>
		<service type="com.saic.ebiz.credit.service.api.AccountTradeService" remote="defaultRemote17"></service>
		-->
		<service  type="com.saic.ebiz.mdm.api.WebAccountService" remote="defaultRemote17"></service>
<!-- 		<service  type="com.saic.ebiz.ending.battle.service.CashTradeService" remote="defaultRemote17"></service> -->
	    <service  type="com.saic.ebiz.store.client.StoreClient" remote="defaultRemote17"></service>
	    
        
	</services>
</venus-client>