<?xml version="1.0" encoding="utf-8"?>
<venus-client xmlns:xsi="http://www.w3.org/2001/XMLSchema-instance"
xsi:noNamespaceSchemaLocation="venus-client.xsd">
    <remotes>
        <!-- 定义远程相关的配置 -->
        <remote name="minisit" loadbalance="1">
            <!-- 与远程连接的socket相关的配置 -->
            <factory>
				<!-- 支持多节点负责均衡的高可用配置，默认采用轮询 -->
				<property name="ipAddressList">${service.venus.bus.ipAddressList}
				</property>

				<!-- socket的sendBuffer缓冲区大小，单位:K -->
				<property name="sendBufferSize">${global.venus.common.remote.sendBufferSize}
				</property>

				<!-- socket的receiveBuffer缓冲区大小，单位:K -->
				<property name="receiveBufferSize">${global.venus.common.remote.receiveBufferSize}
				</property>

				<property name="soTimeout">${global.venus.common.remote.soTimeout}
				</property>

			</factory>

			<!-- 与每个远程节点的连接池配置，与apache的commons-pool配置一致 -->
			<pool>
				<property name="maxActive">${global.venus.common.remote.maxActive}
				</property>
				<property name="maxIdle">${global.venus.common.remote.maxIdle}</property>
				<property name="minIdle">${global.venus.common.remote.minIdle}</property>
				<property name="minEvictableIdleTimeMillis">${global.venus.common.remote.minEvictableIdleTimeMillis}
				</property>
				<property name="timeBetweenEvictionRunsMillis">${global.venus.common.remote.timeBetweenEvictionRunsMillis}
				</property>
				<property name="testOnBorrow">${global.venus.common.remote.testOnBorrow}
				</property>
				<property name="testWhileIdle">${global.venus.common.remote.testWhileIdle}
				</property>
			</pool>
			<!-- 采用 Dummy方式 认证 -->
			<authenticator
				class="com.meidusa.venus.client.authenticate.DummyAuthenticator">
				<property name="serializeType">${global.venus.common.remote.serializeType}
				</property>
			</authenticator>
        </remote>
    </remotes>
    
    <!-- 服务接口列表 -->
    <services>
        <!-- 回调子站接口-->
        <service type="com.saic.ebiz.promotion.service.api.IActOrderQueryService" remote="minisit"/>
        <service type="com.saic.ebiz.promotion.service.api.IActOrderCreateService" remote="minisit"/>
        <service type="com.saic.ebiz.promotion.service.api.IActOrderUpdateService" remote="minisit"/>
        <service type="com.saic.ebiz.promotion.service.api.IClaimService" remote="minisit"/>
        <service beanName="iFollowOrderForMainSiteService" type="com.saic.ebiz.promotion.service.api.IFollowOrderForMainSiteService" remote="minisit"/>
        <service beanName="iPromotionQualificationService" type="com.saic.ebiz.promotion.service.api.IPromotionQualificationService" remote="minisit"/>
        <service beanName="iShoppingCartService" type="com.saic.ebiz.promotion.service.api.IShoppingCartService" remote="minisit"/>
        <service beanName="iRoutineCarService" type="com.saic.ebiz.promotion.service.api.routine.IRoutineCarService" remote="minisit"/>
        <service beanName="iGlobalRuleService" type="com.saic.ebiz.promotion.service.api.routine.IGlobalRuleService" remote="minisit"/>
        <service type="com.saic.ebiz.comment.service.api.IUserCommentService" remote="minisit"/>
        <service type="com.saic.ebiz.order.service.api.PreOrderCancelService" remote="minisit"/>
        <service type="com.saic.ebiz.promotion.service.api.IPromotionService" remote="minisit"/>
        <service type="com.saic.ebiz.promotion.service.api.IFocusMediaService" remote="minisit"/>
        <service type="com.saic.ebiz.promotion.service.api.IWeiXinCardService" remote="minisit"/>
        <service type="com.saic.ebiz.promotion.service.api.IAuctionService" remote="minisit"/>
        <service type="com.saic.ebiz.promotion.service.api.IPromotionExtendService" remote="minisit"/>
        <service type="com.saic.ebiz.promotion.service.api.IPromotionSubscriptionService" remote="minisit"/>
        <service type="com.saic.ebiz.promotion.service.api.IMemberService" remote="minisit"/>
        <service type="com.saic.ebiz.promotion.service.api.IQuotaFacadeService" remote="minisit"/>
        <service type="com.saic.ebiz.promotion.service.api.ISubscriptionDetailService" remote="minisit"/>
        <service type="com.saic.ebiz.promotion.service.api.IFollowOrderService" remote="minisit"/>
        <service type="com.saic.ebiz.promotion.service.api.ICustomerInfoTraceService" remote="minisit"/>
        <service type="com.saic.ebiz.promotion.service.api.ISeckillService" remote="minisit"/>
        <service type="com.saic.ebiz.order.service.api.PreOrderQueryService" remote="minisit"/>
        <service type="com.saic.ebiz.carlib.service.client.VelImgClient" remote="minisit"/>
        <service type="com.saic.ebiz.mdm.api.IDentityCardService" remote="minisit"/>
        <service type="com.saic.ebiz.order.service.api.PreOrderUpdateService" remote="minisit"/>
        
        <service type="com.saic.ebiz.promotion.service.api.IGroupBuyService" remote="minisit"/>
        
        <service beanName="iPreOrderPromotionService" type="com.saic.ebiz.promotion.service.api.IPreOrderPromotionService" remote="minisit"/>
    	<service beanName="iConfigService" type="com.saic.ebiz.promotion.service.api.IConfigService" remote="minisit"/>
    	<service beanName="iWhiteListService" type="com.saic.ebiz.promotion.service.api.IWhiteListService" remote="minisit"/>
    	<service beanName="iPromotionMerchandiseService" type="com.saic.ebiz.promotion.service.api.IPromotionMerchandiseService" remote="minisit"/>
		<!-- 点赞活动  -->
    	<service beanName="iPraiseService" type="com.saic.ebiz.promotion.service.api.IPraiseService" remote="minisit"/>
        <service beanName="promotionClient" type="com.saic.ebiz.promotion.service.client.PromotionClient" remote="minisit"/>
   
    	<service beanName="iGiftManagerService" type="com.saic.ebiz.promotion.service.api.IGiftManagerService" remote="minisit"/>
    	<!-- 微信服务号日志记录服务接口 -->
    	<service beanName="iWxService" type="com.saic.ebiz.promotion.service.api.IWxService" remote="minisit"/>
    	
    	<service beanName="promotionBtoService" type="com.saic.ebiz.promotion.service.api.IPromotionBtoService" remote="minisit" />
    	<service beanName="iVenueService" type="com.saic.ebiz.promotion.service.api.IVenueService" remote="minisit" />
    	<service beanName="beepReservedService" type="com.saic.ebiz.promotion.service.api.IBeepReservedService" remote="minisit"/>
    	
    	<service beanName="iqAWarehouseService" type="com.saic.ebiz.promotion.service.api.IQAWarehouseService" remote="minisit"/>
    	<service beanName="ipromotionPreheatingPageService" type="com.saic.ebiz.promotion.service.api.IPromotionPreheatingPageService" remote="minisit"/>
    	<service beanName="iPromotionCarWashService" type="com.saic.ebiz.promotion.service.api.IPromotionCarWashService" remote="minisit"/>
    	
       
        <service beanName="iCampaignWinService" type="com.saic.ebiz.promotion.service.api.ICampaignWinService" remote="minisit"/>
         <service beanName="iWhiteListService" type="com.saic.ebiz.carmall.service.api.IWhiteListService" remote="minisit"/>
        <service beanName="iWinService" type="com.saic.ebiz.promotion.service.api.IWinService" remote="minisit"/>
        <service beanName="solrService" type="com.saic.ebiz.carmall.service.api.ISolrService" remote="minisit"/>
        <service beanName="iPromotionBaBaHomePageService" type="com.saic.ebiz.promotion.service.api.IPromotionBaBaHomePageService" remote="minisit"/>
        <service beanName="ipAddressService" type="com.saic.ebiz.promotion.service.api.IpAddressService" remote="minisit"/>
       <service beanName="ishareInfoService" type="com.saic.ebiz.promotion.service.api.IShareInfoService" remote="minisit"></service> 
       
        <service  type="com.saic.ebiz.promotion.service.api.wx.IWxPrmtLaunchService" remote="minisit"></service>
        <service  type="com.saic.ebiz.promotion.service.api.wx.IWxPrmtDetailService" remote="minisit"></service>
        <service  type="com.saic.ebiz.promotion.service.api.wx.IWxPrmtPrizeService" remote="minisit"></service>
        <service  type="com.saic.ebiz.promotion.service.api.wx.IWxPrmtService" remote="minisit"></service>
    </services>
</venus-client>
