<?xml version="1.0" encoding="utf-8"?>
<venus-client xmlns:xsi="http://www.w3.org/2001/XMLSchema-instance"
xsi:noNamespaceSchemaLocation="venus-client.xsd">
    <remotes>
        <!-- 定义远程相关的配置 -->
        <remote name="rigda" loadbalance="1">
            <!-- 与远程连接的socket相关的配置 -->
            <factory>
                <!-- 支持多节点负责均衡的高可用配置，默认采用轮询  -->
                <property name="ipAddressList">${service.venus.bus.ipAddressList}</property>
                <!-- socket的sendBuffer缓冲区大小，单位:K -->
                <property name="sendBufferSize">${ebiz.ms.venus.remote.sendBufferSize}</property>
                <!-- socket的receiveBuffer缓冲区大小，单位:K -->
                <property name="receiveBufferSize">${ebiz.ms.venus.remote.receiveBufferSize}</property>
                <property name="soTimeout">${ebiz.ms.venus.remote.soTimeout}</property>
            </factory>

            <!-- 与每个远程节点的连接池配置，与apache的commons-pool配置一致 -->
            <pool>
                <property name="maxActive">${ebiz.ms.venus.remote.maxActive}</property>
                <property name="maxIdle">${ebiz.ms.venus.remote.maxIdle}</property>
                <property name="minIdle">${ebiz.ms.venus.remote.minIdle}</property>
                <property name="minEvictableIdleTimeMillis">${ebiz.ms.venus.remote.minEvictableIdleTimeMillis}</property>
                <property name="timeBetweenEvictionRunsMillis">${ebiz.ms.venus.remote.timeBetweenEvictionRunsMillis}</property>
                <property name="testOnBorrow">${ebiz.ms.venus.remote.testOnBorrow}</property>
                <property name="testWhileIdle">${ebiz.ms.venus.remote.testWhileIdle}</property>
            </pool>

            <!-- 采用 Dummy方式 认证（默认），可以不用配置 -->
            <authenticator class="com.meidusa.venus.client.authenticate.DummyAuthenticator">
                <property name="serializeType">${ebiz.ms.venus.remote.serializeType}</property>
            </authenticator>
        </remote>
    </remotes>
    
    <!-- 服务接口列表 -->
    <services>
        
        <!-- 违章查询 -->
        <service beanName="peccancyService" type="com.saike.ebiz.rigida.service.api.PeccancyQueryService" remote="rigda"/>
	      
        <!-- 车知道 ：微社区 -->
        <service beanName="wxCommunityService" type="com.saic.ebiz.society.service.api.IAppService" remote="rigda"/>
        
    </services>
</venus-client>