<?xml version="1.0" encoding="utf-8"?>
<venus-client xmlns:xsi="http://www.w3.org/2001/XMLSchema-instance"
xsi:noNamespaceSchemaLocation="venus-client.xsd">
    <remotes>
        <!-- 定义远程相关的配置 -->
        <remote name="mvs" loadbalance="1">
            <!-- 与远程连接的socket相关的配置 -->
            <factory>
                <!-- 支持多节点负责均衡的高可用配置，默认采用轮询  -->
                <property name="ipAddressList">${ebiz.ms.venus.mvs.ipAddressList}</property>
                <!-- socket的sendBuffer缓冲区大小，单位:K -->
                <property name="sendBufferSize">${ebiz.ms.venus.remote.sendBufferSize}</property>
                <!-- socket的receiveBuffer缓冲区大小，单位:K -->
                <property name="receiveBufferSize">${ebiz.ms.venus.remote.receiveBufferSize}</property>
                <property name="soTimeout">${ebiz.ms.venus.remote.soTimeout}</property>
            </factory>

            <!-- 与每个远程节点的连接池配置，与apache的commons-pool配置一致 -->
            <pool>
                <property name="maxActive">${ebiz.ms.venus.remote.maxActive}</property>
                <property name="maxIdle">${ebiz.ms.venus.remote.maxIdle}</property>
                <property name="minIdle">${ebiz.ms.venus.remote.minIdle}</property>
                <property name="minEvictableIdleTimeMillis">${ebiz.ms.venus.remote.minEvictableIdleTimeMillis}</property>
                <property name="timeBetweenEvictionRunsMillis">${ebiz.ms.venus.remote.timeBetweenEvictionRunsMillis}</property>
                <property name="testOnBorrow">${ebiz.ms.venus.remote.testOnBorrow}</property>
                <property name="testWhileIdle">${ebiz.ms.venus.remote.testWhileIdle}</property>
            </pool>

            <!-- 采用 Dummy方式 认证（默认），可以不用配置 -->
            <authenticator class="com.meidusa.venus.client.authenticate.DummyAuthenticator">
                <property name="serializeType">${ebiz.ms.venus.remote.serializeType}</property>
            </authenticator>
        </remote>
    </remotes>
    
    <!-- 服务接口列表 -->
    <services>
        
        <!-- 车享价服务配置  -->
        <service beanName="mvsPriceService" type="com.saic.ebiz.merchandise.service.web.api.PriceService"  remote="mvs"/>

        <!-- 车系配置参数详情  -->
        <service beanName="mvsVelSeriesService" type="com.saic.ebiz.merchandise.service.web.api.VelSeriesService"  remote="mvs"/>
         
        <service beanName="velModelService" type="com.saic.ebiz.merchandise.service.dop.api.VelModelService"  remote="mvs"/>
        <!-- 车型详情相关接口 -->
        <service beanName="velModelService" type="com.saic.ebiz.merchandise.service.web.api.VelModelService"   remote="mvs"/>

        <!-- 车型库的信息 -->
        <service beanName="velCatalogService" type="com.saic.ebiz.merchandise.service.web.api.VelCatalogService"  remote="mvs"/>
        <!-- 车型库热门活动 -->
        <service beanName="recommendationService" type="com.saic.ebiz.merchandise.service.web.api.RecommendationService"  remote="mvs"/>
        
        <!-- 活动报名-提交活动报名 -->
        <!-- <service beanName="promotionSubscriptionService" type="com.saic.ebiz.promotion.service.web.api.PromotionSubscriptionService" remote="mvs"/> -->
        
        <service beanName="brandDetailService" type="com.saic.ebiz.merchandise.service.web.api.BrandDetailService" remote="mvs"/>
        
        <service beanName="recommendationService" type="com.saic.ebiz.merchandise.service.web.api.RecommendationService" remote="mvs"/>

        <!-- 经销商聚合页-根据城市获取区域下拉列表 -->
        <service beanName="storeService" type="com.saic.ebiz.merchandise.service.web.api.StoreService" remote="mvs"/>

        <!-- 小工具-车系车型搜索接口 -->
        <service beanName="searchService" type="com.saic.ebiz.merchandise.service.web.api.SearchService" remote="mvs"/>
                
        <!-- 促销车信息 -->
        <service beanName="promPromotionService" type="com.saic.ebiz.promotion.service.web.api.PromotionService" remote="mvs"/>
        
        <!-- 活动服务接口 -->
        <service beanName="promotionService" type="com.saic.ebiz.merchandise.service.web.api.PromotionService" remote="mvs"/>
        
        
        <!-- 车系活动服务接口列表 -->
        <service beanName="mercPromotionService" type="com.saic.ebiz.merchandise.service.web.api.PromotionService" remote="mvs"/>

		        
        <!-- 车系精品图片信息 -->
        <service beanName="velSeriesImageListService" type="com.saic.ebiz.merchandise.service.web.api.VelSeriesImageListService" remote="mvs"/>
        
        <!-- 图片聚合车型最近更新 -->
        <service beanName="imageAggregationService" type="com.saic.ebiz.merchandise.service.web.api.ImageAggregationService" remote="mvs"/>

    </services>
</venus-client>