<?xml version="1.0" encoding="utf-8"?>
<venus-client xmlns:xsi="http://www.w3.org/2001/XMLSchema-instance"
xsi:noNamespaceSchemaLocation="venus-client.xsd">
    <remotes>
        <!-- 定义远程相关的配置 -->
        <remote name="carLib" loadbalance="1">
            <!-- 与远程连接的socket相关的配置 -->
			<factory>
				<!-- 支持多节点负责均衡的高可用配置，默认采用轮询 -->
				<property name="ipAddressList">${service.venus.bus.ipAddressList}
				</property>

				<!-- socket的sendBuffer缓冲区大小，单位:K -->
				<property name="sendBufferSize">${global.venus.common.remote.sendBufferSize}
				</property>

				<!-- socket的receiveBuffer缓冲区大小，单位:K -->
				<property name="receiveBufferSize">${global.venus.common.remote.receiveBufferSize}
				</property>

				<property name="soTimeout">${global.venus.common.remote.soTimeout}
				</property>

			</factory>

			<!-- 与每个远程节点的连接池配置，与apache的commons-pool配置一致 -->
			<pool>
				<property name="maxActive">${global.venus.common.remote.maxActive}
				</property>
				<property name="maxIdle">${global.venus.common.remote.maxIdle}</property>
				<property name="minIdle">${global.venus.common.remote.minIdle}</property>
				<property name="minEvictableIdleTimeMillis">${global.venus.common.remote.minEvictableIdleTimeMillis}
				</property>
				<property name="timeBetweenEvictionRunsMillis">${global.venus.common.remote.timeBetweenEvictionRunsMillis}
				</property>
				<property name="testOnBorrow">${global.venus.common.remote.testOnBorrow}
				</property>
				<property name="testWhileIdle">${global.venus.common.remote.testWhileIdle}
				</property>
			</pool>
			<!-- 采用 Dummy方式 认证 -->
			<authenticator
				class="com.meidusa.venus.client.authenticate.DummyAuthenticator">
				<property name="serializeType">${global.venus.common.remote.serializeType}
				</property>
			</authenticator>
        </remote>
    </remotes>
    
    <!-- 服务接口列表 -->
    <services>
        <!-- 品牌客户端 -->
        <service type="com.saic.ebiz.carlib.service.client.BrandClient" remote="carLib"/>
        <!-- 车系客户端 -->
        <service type="com.saic.ebiz.carlib.service.client.VelSeriesClient" remote="carLib"/>
        <!-- 车型客户端 -->
        <service type="com.saic.ebiz.carlib.service.client.VelModelInfoClient" remote="carLib"/>
        <!-- 车型客户端 -->
        <service type="com.saic.ebiz.carlib.service.api.VelModelInfoService" remote="carLib"/>
        <!-- 车型颜色客户端 -->
        <service type="com.saic.ebiz.carlib.service.client.VelColorClient" remote="carLib"/>
        <!-- 车系相关信息查询  -->
        <service type="com.saic.ebiz.carlib.service.api.VelSeriesService" remote="carLib"/>
        <service type="com.saic.ebiz.carlib.service.api.BrandService" remote="carLib"/>
        <service type="com.saic.ebiz.carlib.service.api.SeriesStatisticsService" remote="carLib"/>
        <service type="com.saic.ebiz.carlib.service.api.VelColorService" remote="carLib"/>
        <service type="com.saic.ebiz.carlib.service.api.VelImgService" remote="carLib"/>
        <service type="com.saic.ebiz.carlib.service.api.VelYearStyleService" remote="carLib"/>
    </services>
</venus-client>