<?xml version="1.0" encoding="utf-8"?>
<venus-client xmlns:xsi="http://www.w3.org/2001/XMLSchema-instance"
xsi:noNamespaceSchemaLocation="venus-client.xsd">
    <remotes>
        <!-- 定义远程相关的配置 -->
        <remote name="order" loadbalance="1">
            <!-- 与远程连接的socket相关的配置 -->
            <factory>
                <!-- 支持多节点负责均衡的高可用配置，默认采用轮询  -->
                <property name="ipAddressList">${service.venus.order.ipAddressList}</property>
                <!-- socket的sendBuffer缓冲区大小，单位:K -->
                <property name="sendBufferSize">${component.venus.remote.sendBufferSize}</property>
                <!-- socket的receiveBuffer缓冲区大小，单位:K -->
                <property name="receiveBufferSize">${component.venus.remote.receiveBufferSize}</property>
                <property name="soTimeout">${component.venus.remote.soTimeout}</property>
            </factory>

            <!-- 与每个远程节点的连接池配置，与apache的commons-pool配置一致 -->
            <pool>
                <property name="maxActive">${component.venus.remote.maxActive}</property>
                <property name="maxIdle">${component.venus.remote.maxIdle}</property>
                <property name="minIdle">${component.venus.remote.minIdle}</property>
                <property name="minEvictableIdleTimeMillis">${component.venus.remote.minEvictableIdleTimeMillis}</property>
                <property name="timeBetweenEvictionRunsMillis">${component.venus.remote.timeBetweenEvictionRunsMillis}</property>
                <property name="testOnBorrow">${component.venus.remote.testOnBorrow}</property>
                <property name="testWhileIdle">${component.venus.remote.testWhileIdle}</property>
            </pool>

            <!-- 采用 Dummy方式 认证（默认），可以不用配置 -->
            <authenticator class="com.meidusa.venus.client.authenticate.DummyAuthenticator">
                <property name="serializeType">${component.venus.remote.serializeType}</property>
            </authenticator>
        </remote>
    </remotes>
    
    <!-- 服务接口列表 -->
    <services>
        
        <!-- 订单接口列表-订单生成 -->
        <service beanName="preOrderCreateService" type="com.saic.ebiz.order.service.api.PreOrderCreateService" remote="order"/>
        
         <!-- 订单接口列表-地址接口 -->
        <service beanName="preOrderAddressService" type="com.saic.ebiz.order.service.api.PreOrderAddressService" remote="order"/>
        
        <!-- 订单接口列表-查询订单信息 -->
        <service beanName="preOrderQueryService" type="com.saic.ebiz.order.service.api.PreOrderQueryService" remote="order"/>

        <!--订单接口列表-取消订单-->
        <service beanName="preOrderCancelService" type="com.saic.ebiz.order.service.api.PreOrderCancelService" remote="order"/>
        
        <!--其他城市询价-->
        <service beanName="otherCityLeadsService" type="com.saic.ebiz.order.service.api.OtherCityLeadsService" remote="order"/>
    
        <!--线索-->
        <service beanName="leadsService" type="com.saic.ebiz.order.service.api.LeadsService" remote="order"/>
        
        <!--查询权益定单服务接口-->
        <service beanName="PreRightsOrderQueryService" type="com.saic.ebiz.order.service.api.PreRightsOrderQueryService" remote="order"/>
        <!--订单更新服务接口-->
        <service beanName="preRightsOrderUpdateService" type="com.saic.ebiz.order.service.api.PreRightsOrderUpdateService" remote="order"/> 
        <!--整车订单更新服务接口-->
        <service beanName="preOrderUpdateService" type="com.saic.ebiz.order.service.api.PreOrderUpdateService" remote="order"/>  
    	<service beanName="orderService" type="com.saic.ebiz.market.service.OrderService" remote="order"></service>
    </services>
</venus-client>