<assembly
	xmlns="http://maven.apache.org/plugins/maven-assembly-plugin/assembly/1.1.2"
	xmlns:xsi="http://www.w3.org/2001/XMLSchema-instance"
	xsi:schemaLocation="http://maven.apache.org/plugins/maven-assembly-plugin/assembly/1.1.2 http://maven.apache.org/xsd/assembly-1.1.2.xsd">
	<id>resource-${timestamp}</id>
	<baseDirectory>mswx</baseDirectory>
	<formats>
		<format>zip</format>
	</formats>
	<fileSets>
		<fileSet>
			<directory>${basedir}/src/main/webapp/resources</directory>
			<excludes>
                <exclude>**/WEB-INF/**/*</exclude>
                <exclude>WEB-INF</exclude>
                <exclude>**/html/**/*</exclude>
                <exclude>*.html</exclude>
                <exclude>common</exclude>
                <exclude>**/backup/**/*</exclude>
                <exclude>backup</exclude>
            </excludes>
			<outputDirectory>/</outputDirectory>
		</fileSet>
	</fileSets>
</assembly>